"Text","Date","Time","Draft","Facebook","Twitter/X","LinkedIn","GBP","Instagram","Pinterest","TikTok","YouTube","Threads","Bluesky","Picture Url 1","Picture Url 2","Picture Url 3","Picture Url 4","Picture Url 5","Picture Url 6","Picture Url 7","Picture Url 8","Picture Url 9","Picture Url 10","Alt text picture 1","Alt text picture 2","Alt text picture 3","Alt text picture 4","Alt text picture 5","Alt text picture 6","Alt text picture 7","Alt text picture 8","Alt text picture 9","Alt text picture 10","Document title","Shortener","Video Thumbnail Url","Video Cover Frame","Instagram Post Type","Instagram Show Reel On Feed","First Comment Text","Brand name (Optional)"
"","2026-11-27","11:15:00","FALSE","FALSE","FALSE","FALSE","FALSE","TRUE","FALSE","FALSE","FALSE","FALSE","FALSE","https://brand.99names.net/social/quiet/out/media/2026-11-27/story-1.jpg","","","","","","","","","","","","","","","","","","","","","","","","STORY","","",""
"","2026-11-27","15:00:00","FALSE","FALSE","FALSE","FALSE","FALSE","TRUE","FALSE","FALSE","FALSE","FALSE","FALSE","https://brand.99names.net/social/quiet/out/media/2026-11-27/story-2.jpg","","","","","","","","","","","","","","","","","","","","","","","","STORY","","",""
"","2026-11-29","20:00:00","TRUE","FALSE","FALSE","FALSE","FALSE","TRUE","FALSE","FALSE","FALSE","FALSE","FALSE","https://brand.99names.net/social/quiet/out/media/2026-11-29/story-1.jpg","","","","","","","","","","","","","","","","","","","","","","","","STORY","","",""
"Al-Majid meaning: The Most Glorious. No. 48 of the 99 Names of Allah, and you already say it every day.

The salawat at the end of every prayer closes with it: innaka Hamidun Majid. You are Praiseworthy, Glorious. Bukhari 3370.

And when you recite Maliki yawm id-din in Al-Fatihah, Allah replies: “My servant has glorified Me.” Majjadani. The same root. Muslim 395.

Glory that doesn't need an audience. Read it slowly. Say it once. Keep it near this week.

Save this. Send it to someone who prays and has never noticed they say it.

#AlMajid #99NamesOfAllah #Salah #AsmaUlHusna #99names","2026-11-30","06:30:00","FALSE","FALSE","FALSE","FALSE","FALSE","TRUE","FALSE","FALSE","FALSE","FALSE","FALSE","https://brand.99names.net/social/quiet/out/media/2026-11-30/slide-01.jpg","https://brand.99names.net/social/quiet/out/media/2026-11-30/slide-02.jpg","https://brand.99names.net/social/quiet/out/media/2026-11-30/slide-03.jpg","https://brand.99names.net/social/quiet/out/media/2026-11-30/slide-04.jpg","https://brand.99names.net/social/quiet/out/media/2026-11-30/slide-05.jpg","https://brand.99names.net/social/quiet/out/media/2026-11-30/slide-06.jpg","","","","","The name of the week, number 48 of 99: Al-Majid, The Most Glorious, with its Arabic ٱلْمَجِيدُ.","What it means: Glory, honour and nobility that are infinite and His alone. Glory that doesn't need an audience.","The root m · j · d: majd, Glory. Honour that is full and generous.; majid, Glorious. Said of Allah, and of the Qur'an. 85:21; majjadani, “My servant has glorified Me”: His reply to Maliki yawm id-din. Muslim 395; hamidun majid, The last words of the salawat in every prayer..","Hud · 11:73 in Arabic and English: Indeed He is Praiseworthy, Glorious.","Say Ya Majid when: At the end of every prayer. You already do.; When you want to be seen for what you did.; When someone else gets the credit..","The Al-Majid card from the deck, with: Keep it near this week. Send Al-Majid to someone who prays five times a day and has never noticed they say it.","","","","","","","","","POST","","",""
"","2026-11-30","07:00:00","FALSE","FALSE","FALSE","FALSE","FALSE","TRUE","FALSE","FALSE","FALSE","FALSE","FALSE","https://brand.99names.net/social/quiet/out/media/2026-11-30/story-1.jpg","","","","","","","","","","","","","","","","","","","","","","","","STORY","","",""
"","2026-11-30","07:05:00","TRUE","FALSE","FALSE","FALSE","FALSE","TRUE","FALSE","FALSE","FALSE","FALSE","FALSE","https://brand.99names.net/social/quiet/out/media/2026-11-30/story-2.jpg","","","","","","","","","","","","","","","","","","","","","","","","STORY","","",""
"GivingTuesday: give a name.

Pick the name someone needs. Write who it's for. We print it on a soft-touch card, hand-address the envelope and post it anywhere in the world within three days. $6. Or send it free tonight as a link, and they open the same envelope on their phone.

This one's Al-Wadud, The Most Loving, for Mum. He loves you in the mess, not after it.

Send one tonight: 99names.net/send. Then send this to the person you'd most like to get one from.

#GivingTuesday #SendAName #99NamesOfAllah #AsmaUlHusna #99names","2026-12-01","19:00:00","FALSE","FALSE","FALSE","FALSE","FALSE","TRUE","FALSE","FALSE","FALSE","FALSE","FALSE","https://brand.99names.net/social/quiet/out/media/2026-12-01/reel.mp4","","","","","","","","","","","","","","","","","","","","","","https://brand.99names.net/social/quiet/out/media/2026-12-01/cover.jpg","","REEL","TRUE","",""
"","2026-12-01","19:30:00","TRUE","FALSE","FALSE","FALSE","FALSE","TRUE","FALSE","FALSE","FALSE","FALSE","FALSE","https://brand.99names.net/social/quiet/out/media/2026-12-01/story-1.jpg","","","","","","","","","","","","","","","","","","","","","","","","STORY","","",""
"","2026-12-01","19:35:00","TRUE","FALSE","FALSE","FALSE","FALSE","TRUE","FALSE","FALSE","FALSE","FALSE","FALSE","https://brand.99names.net/social/quiet/out/media/2026-12-01/story-2.jpg","","","","","","","","","","","","","","","","","","","","","","","","STORY","","",""
"","2026-12-02","13:00:00","TRUE","FALSE","FALSE","FALSE","FALSE","TRUE","FALSE","FALSE","FALSE","FALSE","FALSE","https://brand.99names.net/social/quiet/out/media/2026-12-02/story-1.jpg","","","","","","","","","","","","","","","","","","","","","","","","STORY","","",""
"","2026-12-03","21:00:00","FALSE","FALSE","FALSE","FALSE","FALSE","TRUE","FALSE","FALSE","FALSE","FALSE","FALSE","https://brand.99names.net/social/quiet/out/media/2026-12-03/story-1.jpg","","","","","","","","","","","","","","","","","","","","","","","","STORY","","",""
"Jumu'ah Mubarak. “Owner of the Throne, the Glorious.” Al-Buruj 85:15, the verse right after “and He is the Forgiving, the Loving.”

Al-Majid is glory that doesn't need an audience. Yours doesn't either. The good you did this week that nobody saw was seen, and it counted.

Swipe for the hour on Friday when asking is answered.

Send this to someone who does good quietly.

#JumuahMubarak #AlMajid #Quran #AsmaUlHusna #99names","2026-12-04","11:00:00","FALSE","FALSE","FALSE","FALSE","FALSE","TRUE","FALSE","FALSE","FALSE","FALSE","FALSE","https://brand.99names.net/social/quiet/out/media/2026-12-04/slide-01.jpg","https://brand.99names.net/social/quiet/out/media/2026-12-04/slide-02.jpg","https://brand.99names.net/social/quiet/out/media/2026-12-04/slide-03.jpg","","","","","","","","Al-Buruj · 85:15 in Arabic and English: Owner of the Throne, the Glorious.","Glory that doesn't need an audience. Yours doesn't either. The good you did that nobody saw was seen by the One whose glory needs no one. It counted.","Ask in the last hour: the six hours of the day with the last hour before Maghrib marked. Seek it in the last hour after Asr, Abu Dawud 1048. Ask by this week's name: Ya Majid.","","","","","","","","","","","","POST","","",""
"","2026-12-04","11:15:00","FALSE","FALSE","FALSE","FALSE","FALSE","TRUE","FALSE","FALSE","FALSE","FALSE","FALSE","https://brand.99names.net/social/quiet/out/media/2026-12-04/story-1.jpg","","","","","","","","","","","","","","","","","","","","","","","","STORY","","",""
"","2026-12-04","15:00:00","FALSE","FALSE","FALSE","FALSE","FALSE","TRUE","FALSE","FALSE","FALSE","FALSE","FALSE","https://brand.99names.net/social/quiet/out/media/2026-12-04/story-2.jpg","","","","","","","","","","","","","","","","","","","","","","","","STORY","","",""
"Five people to send a name of Allah to before the year ends.

The one who moved away this year: Al-Hafiz, the Preserver.
The one who lost someone: Al-Jabbar, the Restorer.
The one who started something new: Al-Fattah, the Opener.
The one who carried everyone: Al-Wakil, the Trustee.
The one who was always there for you: Ash-Shakur, the Appreciative. He noticed.

A real card posts within three days, anywhere in the world, for $6. Or send it free as a link tonight: 99names.net/send.

Save this list. Then send it to one of the five.

#SendAName #99NamesOfAllah #AsmaUlHusna #IslamicGift #99names","2026-12-06","16:00:00","FALSE","FALSE","FALSE","FALSE","FALSE","TRUE","FALSE","FALSE","FALSE","FALSE","FALSE","https://brand.99names.net/social/quiet/out/media/2026-12-06/slide-01.jpg","https://brand.99names.net/social/quiet/out/media/2026-12-06/slide-02.jpg","https://brand.99names.net/social/quiet/out/media/2026-12-06/slide-03.jpg","https://brand.99names.net/social/quiet/out/media/2026-12-06/slide-04.jpg","https://brand.99names.net/social/quiet/out/media/2026-12-06/slide-05.jpg","https://brand.99names.net/social/quiet/out/media/2026-12-06/slide-06.jpg","https://brand.99names.net/social/quiet/out/media/2026-12-06/slide-07.jpg","","","","Three cards from the deck, fanned, with: Five people to send a name before the year ends.","Al-Hafiz, The Preserver, ٱلْحَفِيظُ. The one who moved away this year.","Al-Jabbar, The Restorer, ٱلْجَبَّارُ. The one who lost someone.","Al-Fattah, The Opener, ٱلْفَتَّاحُ. The one who started something new.","Al-Wakil, The Trustee, ٱلْوَكِيلُ. The one who carried everyone.","Ash-Shakur, The Appreciative, ٱلشَّكُورُ. The one who was always there for you.","Pick one. Send it tonight. $6 for a real card, posted anywhere. Free as a link. 99names.net/send","","","","","","","","POST","","",""
"","2026-12-06","16:30:00","TRUE","FALSE","FALSE","FALSE","FALSE","TRUE","FALSE","FALSE","FALSE","FALSE","FALSE","https://brand.99names.net/social/quiet/out/media/2026-12-06/story-1.jpg","","","","","","","","","","","","","","","","","","","","","","","","STORY","","",""
"","2026-12-06","20:00:00","TRUE","FALSE","FALSE","FALSE","FALSE","TRUE","FALSE","FALSE","FALSE","FALSE","FALSE","https://brand.99names.net/social/quiet/out/media/2026-12-06/story-2.jpg","","","","","","","","","","","","","","","","","","","","","","","","STORY","","",""
"Al-Ba'ith meaning: The Resurrector. No. 49 of the 99 Names of Allah, and this week's name.

The One who raises the dead, sends the messengers, and brings hearts back to life. If He can raise the dead, He can revive your heart.

The root b-ʿ-th is to raise up and to send out. It's the word for the sleepers of the cave waking after three hundred years (18:19), and for the mission of the Prophet ﷺ.

Rajab begins this week. Two months to Ramadan. A good week to be raised.

Read it slowly. Say it once. Keep it near this week.

Save this. Send it to someone starting again after a long time away.

#AlBaith #99NamesOfAllah #AsmaUlHusna #Rajab #99names","2026-12-07","06:30:00","FALSE","FALSE","FALSE","FALSE","FALSE","TRUE","FALSE","FALSE","FALSE","FALSE","FALSE","https://brand.99names.net/social/quiet/out/media/2026-12-07/slide-01.jpg","https://brand.99names.net/social/quiet/out/media/2026-12-07/slide-02.jpg","https://brand.99names.net/social/quiet/out/media/2026-12-07/slide-03.jpg","https://brand.99names.net/social/quiet/out/media/2026-12-07/slide-04.jpg","https://brand.99names.net/social/quiet/out/media/2026-12-07/slide-05.jpg","https://brand.99names.net/social/quiet/out/media/2026-12-07/slide-06.jpg","","","","","The name of the week, number 49 of 99: Al-Ba'ith, The Resurrector, with its Arabic ٱلْبَاعِثُ.","What it means: The One who raises the dead, sends the messengers, and brings hearts back to life. If He can raise the dead, He can revive your heart.","The root b · ʿ · th: ba'th, Raising: the Day the dead stand up.; bi'thah, A sending: the mission of the Prophet ﷺ.; ba'athnahum, “We raised them”: the sleepers of the cave, waking. 18:19; mab'uth, One who is sent. One who is raised..","Al-Hajj · 22:7 in Arabic and English: And that Allah will raise those in the graves.","Say Ya Ba'ith when: When your heart feels dead to it all.; When something you buried needs to come back.; When you're starting again after a long time..","The Al-Ba'ith card from the deck, with: Keep it near this week. Send Al-Ba'ith to someone starting again after a long time away.","","","","","","","","","POST","","",""
"","2026-12-07","07:00:00","FALSE","FALSE","FALSE","FALSE","FALSE","TRUE","FALSE","FALSE","FALSE","FALSE","FALSE","https://brand.99names.net/social/quiet/out/media/2026-12-07/story-1.jpg","","","","","","","","","","","","","","","","","","","","","","","","STORY","","",""
"","2026-12-07","07:05:00","TRUE","FALSE","FALSE","FALSE","FALSE","TRUE","FALSE","FALSE","FALSE","FALSE","FALSE","https://brand.99names.net/social/quiet/out/media/2026-12-07/story-2.jpg","","","","","","","","","","","","","","","","","","","","","","","","STORY","","",""
"","2026-12-08","13:00:00","TRUE","FALSE","FALSE","FALSE","FALSE","TRUE","FALSE","FALSE","FALSE","FALSE","FALSE","https://brand.99names.net/social/quiet/out/media/2026-12-08/story-1.jpg","","","","","","","","","","","","","","","","","","","","","","","","STORY","","",""
"Rajab 1448 begins this week, by the Umm al-Qura calendar on Thursday 10 December. Your local announcement may differ by a day.

“Of the twelve months, four are sacred.” At-Tawbah 9:36. Rajab is one of them: the Prophet ﷺ named it, the month that comes between Jumada and Sha'ban. Bukhari 4662.

Then Sha'ban. Then Ramadan. About sixty days.

Not a countdown. Start slowly: one name a week, one more page, one more du'a.

Send this to the person you want to be ready for Ramadan with.

#Rajab #Ramadan2027 #99NamesOfAllah #IslamicCalendar #99names","2026-12-09","19:00:00","FALSE","FALSE","FALSE","FALSE","FALSE","TRUE","FALSE","FALSE","FALSE","FALSE","FALSE","https://brand.99names.net/social/quiet/out/media/2026-12-09/reel.mp4","","","","","","","","","","","","","","","","","","","","","","https://brand.99names.net/social/quiet/out/media/2026-12-09/cover.jpg","","REEL","TRUE","",""
"","2026-12-09","19:30:00","FALSE","FALSE","FALSE","FALSE","FALSE","TRUE","FALSE","FALSE","FALSE","FALSE","FALSE","https://brand.99names.net/social/quiet/out/media/2026-12-09/story-1.jpg","","","","","","","","","","","","","","","","","","","","","","","","STORY","","",""
"","2026-12-09","19:35:00","TRUE","FALSE","FALSE","FALSE","FALSE","TRUE","FALSE","FALSE","FALSE","FALSE","FALSE","https://brand.99names.net/social/quiet/out/media/2026-12-09/story-2.jpg","","","","","","","","","","","","","","","","","","","","","","","","STORY","","",""
"","2026-12-10","07:00:00","FALSE","FALSE","FALSE","FALSE","FALSE","TRUE","FALSE","FALSE","FALSE","FALSE","FALSE","https://brand.99names.net/social/quiet/out/media/2026-12-10/story-1.jpg","","","","","","","","","","","","","","","","","","","","","","","","STORY","","",""
"Jumu'ah Mubarak, the first of Rajab. “Know that Allah gives life to the earth after its death.” Al-Hadid 57:17.

The verse before it asks: has the time not come for the hearts of those who believe to soften at the remembrance of Allah? (57:16). Then this, the answer: dead earth comes back.

Al-Ba'ith is this week's name. If He can raise the dead, He can revive your heart. Swipe for the hour on Friday when asking is answered.

Send this to someone whose heart has felt hard lately. Gently.

#JumuahMubarak #Rajab #AlBaith #Quran #99names","2026-12-11","11:00:00","FALSE","FALSE","FALSE","FALSE","FALSE","TRUE","FALSE","FALSE","FALSE","FALSE","FALSE","https://brand.99names.net/social/quiet/out/media/2026-12-11/slide-01.jpg","https://brand.99names.net/social/quiet/out/media/2026-12-11/slide-02.jpg","https://brand.99names.net/social/quiet/out/media/2026-12-11/slide-03.jpg","","","","","","","","Al-Hadid · 57:17 in Arabic and English: Know that Allah gives life to the earth after its death.","Has the time not come for hearts to soften? The verse before asks it, 57:16. This one answers: dead earth comes back. So can a heart.","Ask in the last hour: the six hours of the day with the last hour before Maghrib marked. Seek it in the last hour after Asr, Abu Dawud 1048. Ask by this week's name: Ya Ba'ith.","","","","","","","","","","","","POST","","",""
"","2026-12-11","11:15:00","FALSE","FALSE","FALSE","FALSE","FALSE","TRUE","FALSE","FALSE","FALSE","FALSE","FALSE","https://brand.99names.net/social/quiet/out/media/2026-12-11/story-1.jpg","","","","","","","","","","","","","","","","","","","","","","","","STORY","","",""
"","2026-12-11","15:00:00","FALSE","FALSE","FALSE","FALSE","FALSE","TRUE","FALSE","FALSE","FALSE","FALSE","FALSE","https://brand.99names.net/social/quiet/out/media/2026-12-11/story-2.jpg","","","","","","","","","","","","","","","","","","","","","","","","STORY","","",""
"Thirteen of the 99 Names of Allah since September.

Al-Kabir, Al-Hafiz, Al-Muqit, Al-Hasib, Al-Jalil, Al-Karim, Ar-Raqib, Al-Mujib, Al-Wasi', Al-Hakim, Al-Wadud, Al-Majid, Al-Ba'ith. One a week, every Monday, at dawn.

Eighty-six to go, and no hurry. Rajab has begun; Sha'ban and Ramadan follow. We'll keep the same pace through all three: one name a week, Ash-Shahid on Monday.

Thank you for keeping them with us. If one of these found you, send it to someone it can find next.

#99NamesOfAllah #AsmaUlHusna #Rajab #الأسماء_الحسنى #99names","2026-12-13","16:00:00","FALSE","FALSE","FALSE","FALSE","FALSE","TRUE","FALSE","FALSE","FALSE","FALSE","FALSE","https://brand.99names.net/social/quiet/out/media/2026-12-13/slide-01.jpg","https://brand.99names.net/social/quiet/out/media/2026-12-13/slide-02.jpg","https://brand.99names.net/social/quiet/out/media/2026-12-13/slide-03.jpg","https://brand.99names.net/social/quiet/out/media/2026-12-13/slide-04.jpg","","","","","","","Ninety-nine dots, thirteen lit, with: Thirteen names since September.","The thirteen names met so far, from No. 37 Al-Kabir to No. 49 Al-Ba'ith, in two columns.","Three rows of thirty dots labelled Rajab, Sha'ban and Ramadan, with: Still one a week. Ash-Shahid on Monday.","Thank you for keeping them with us.","","","","","","","","","","","POST","","",""
"","2026-12-13","16:30:00","FALSE","FALSE","FALSE","FALSE","FALSE","TRUE","FALSE","FALSE","FALSE","FALSE","FALSE","https://brand.99names.net/social/quiet/out/media/2026-12-13/story-1.jpg","","","","","","","","","","","","","","","","","","","","","","","","STORY","","",""
"","2026-12-13","20:00:00","TRUE","FALSE","FALSE","FALSE","FALSE","TRUE","FALSE","FALSE","FALSE","FALSE","FALSE","https://brand.99names.net/social/quiet/out/media/2026-12-13/story-2.jpg","","","","","","","","","","","","","","","","","","","","","","","","STORY","","",""
